Farah Experiences,"24.5505056,54.6919571"
AK BROTHER CONSULTANCY,"25.191973,55.285366"
Al Ghazi,"25.1849422,55.3439592"
NMC - Corporate,"24.4631364,54.3278701"
Aspen Medical USA,"29.5338056,-98.5640649"
Search Plus,"25.2605852,55.3330817"
Al Gharbia Center For Men Care,"23.6551959,53.7200165"
Cure Plus Medical Center,"24.2192223,55.6858289"
Field Operations,"24.382089,54.484617"
J10 Consulting FZ LLE,"25.1940005,55.2752457"
ANNEX TRAINING INSTITUTE,"24.4787315,54.3689748"
Admiral Safety Consultants,"25.2449622,55.3370597"
Al Ajwa General Trading Establishment,"24.3732298,54.4986298"
Al Areesh Restaurant Limited,"24.5035806,54.4468782"
Al Sweidi & Shams Contracting Co,"24.2877741,54.4880184"
Al meena Medical Center,"24.2222744,55.6930027"
Albwadi Gen. Trading,"24.4383989,54.4109943"
Alpha advocates and Legal,"24.5057239,54.3735956"
Annapurna Service Office,"24.472949,54.3762376"
Aquiver Real Estate & General Maintenance LLC,"24.4932151,54.3602871"
